Код;Фамилия;Имя, отчество;Login;Password;Role
1;Яковлев ;Ефим Ильяович;loginDEsar2018;2M2IQH;Менеджер
2;Васильева ;Маргарита Валерьяновна;loginDEuxd2018;*PI3KN;Заместитель директора
3;Петухов ;Гордей Серапионович;loginDEepk2018;VZ&Ak7;Заказчик
4;Нестеров ;Виктор Юлианович;loginDEjhb2018;PNvt8N;Заказчик
5;Белоусов ;Антонин Яковович;loginDExzi2018;{+1T1M;Директор
6;Ермакова ;Александра Куприяновна;loginDEvva2018;G{q*LD;Заместитель директора
7;Баранова ;Галина Еремеевна;loginDEudz2018;Xcjvmi;Менеджер
8;Лебедев ;Валерьян Кимович; loginDEyyj2018;z+U0XU;Заказчик
9;Никонов ;Богдан Юлианович;loginDEvdj2018;5Eq6d|;Заместитель директора
10;Карпов ;Дмитрий Владимирович;loginDErwk2018;|nZOKu;Заказчик
11;Мартынов ;Онисим Ярославович;loginDElkc2018;BOvRGk;Мастер
12;Кузнецов ;Созон Викторович;loginDEmge2018;C947}j;Менеджер
13;Николаева ;Ирина Федотовна;loginDEtol2018;&ksGM5;Директор
14;Виноградов ;Ростислав Еремеевич;loginDEjwb2018;IQ+a01;Заказчик
15;Лебедева ;Евдокия Ивановна;loginDEzhf2018;xws6L9;Менеджер
16;Иванов ;Игнатий Авксентьевич;loginDEobp2018;XNGjJy;Директор
17;Савин ;Пётр Артёмович;loginDEloi2018;azEz+L;Менеджер
18;Голубев ;Семён Олегович;loginDEuau2018;FNnhJ1;Директор
19;Горбачёв ;Ириней Викторович;loginDEdwi2018;n*aog&;Менеджер
20;Игнатьева ;Глафира Эдуардовна;loginDEecu2018;s6FMJ|;Заказчик
21;Красильников ;Геннадий Романович;loginDEdfk2018;aqgkFV;Заказчик
22;Якушев ;Германн Мэлорович;loginDEkxq2018;8igB2p;Мастер
23;Андреев ;Руслан Федосеевич;loginDEhqm2018;BPvGYj;Заказчик
24;Козлов ;Эдуард Протасьевич;loginDEyzm2018;*Nx7JS;Заместитель директора
25;Галкин ;Ярослав Фролович;loginDEzbd2018;hWTIZR;Заместитель директора
26;Назаров ;Иван Мартынович;loginDEoni2018;phdlXA;Заказчик
27;Воронцов ;Владимир Игнатьевич;loginDEewk2018;4baKX7;Мастер
28;Артемьев ;Даниил Дамирович;loginDEdfh2018;t0CrUG;Мастер
29;Абрамова ;Милица Аристарховна;loginDEufs2018;7CLi&1;Менеджер
30;Владимиров ;Протасий Витальевич;loginDEzsy2018;a6}lPi;Мастер
31;Агафонов ;Ириней Фёдорович;loginDElzj2018;Ph0lH+;Директор
32;Суворов ;Владислав Иринеевич;loginDEwtu2018;kVUA|*;Мастер
33;Яковлев ;Игнатий Даниилович;loginDEpyt2018;VAwNEk;Заместитель директора
34;Павлов ;Константин Гордеевич;loginDEquw2018;65j6kZ;Мастер
35;Щукина ;Марфа Глебовна;loginDEcxk2018;sM*fqO;Заказчик
36;Мишин ;Михаил Глебович;loginDEnxq2018;|yxsob;Заместитель директора
37;Исакова ;София Юрьевна;loginDEpmm2018;wRERed;Заместитель директора
38;Сысоева ;Виктория Максимовна;loginDEitt2018;L+OKpQ;Менеджер
39;Большаков ;Владимир Филатович;loginDEttt2018;1YOnW3;Мастер
40;Абрамова ;Оксана Ростиславовна;loginDExrn2018;eaI8ng;Менеджер
41;Зиновьев ;Иван Ильяович;loginDEelh2018;NNmfSo;Заместитель директора
42;Евдокимов ;Алексей Антонович;loginDEwxd2018;Smjq0v;Директор
43;Романов ;Германн Серапионович;loginDEiho2018;UIlg{8;Заместитель директора
44;Логинов ;Егор Лаврентьевич;loginDEsyo2018;F743ca;Заказчик
45;Кондратьев ;Бронислав Тихонович;loginDEmwq2018;YZ{snT;Мастер
46;Александрова ;Нинель Мстиславовна;loginDEykk2018;EttWT{;Менеджер
47;Терентьев ;Игорь Александрович;loginDEell2018;7wQfBj;Менеджер
48;Пахомов ;Гордей Борисович;loginDEdys2018;B}2V7t;Директор
49;Большаков ;Яков Протасьевич;loginDEqoh2018;+xRJ|2;Менеджер
50;Крылов ;Авдей Анатольевич;loginDEpdv2018;r1HuS2;Менеджер
51;Петрова ;Иванна Андреевна;loginDEzqn2018;Lgd57H;Мастер
52;Воронцов ;Никита Лаврентьевич;loginDEvzo2018;VO7mOE;Директор
53;Федосеев ;Иван Валентинович;loginDEiyy2018;Ip|*iS;Мастер
54;Галкин ;Владислав Филатович;loginDEdgv2018;kfmvXj;Директор
55;Киселёв ;Валерьян Евгеньевич;loginDEurj2018;9ImBsL;Директор
56;Путин ;Станислав Протасьевич;loginDEaul2018;MTZb+A;Мастер
57;Харитонов ;Германн Ефимович;loginDEbdx2018;F|mMSS;Заместитель директора
58;Гурьева ;Ольга Аркадьевна;loginDEyzp2018;wFCnHN;Мастер
59;Сысоев ;Демьян Антонинович;loginDErwb2018;v5RpBS;Менеджер
60;Шубин ;Тихон Лаврентьевич;loginDEpri2018;RI2*T9;Мастер
61;Евсеев ;Эдуард Протасьевич;loginDEzpr2018;#ИМЯ?;Менеджер
62;Мясников ;Борис Лукьевич;loginDEhfv2018;QpAY63;Мастер
63;Мартынова ;Клавдия Лукьяновна;loginDEyjy2018;20uyVz;Менеджер
64;Филатов ; Константин Вадимович;loginDEejw2018;4}szdy;Директор
65;Ефремов ;Протасий Протасьевич;loginDEdby2018;rleZVk;Менеджер
66;Михайлов ;Парфений Мэлорович;loginDEzqk2018;TOOuow;Заказчик
67;Самойлов ;Богдан Геласьевич;loginDEjdf2018;*jzOGy;Менеджер
68;Громова ;Маргарита Митрофановна;loginDEycc2018;YeTO&L;Мастер
69;Копылова ;Иванна Геласьевна;loginDEmoq2018;*bhJb4;Мастер
70;Носков ;Семён Васильевич;loginDEgtz2018;Tv&BVy;Мастер
71;Данилов ;Егор Валентинович;loginDEkuy2018;s4Vm64;Менеджер
72;Иванов ;Вячеслав Парфеньевич;loginDEpxb2018;wso}8C;Менеджер
73;Кошелева ;Василиса Якововна;loginDEbfn2018;RCt1Sk;Заказчик
74;Данилов ;Мстислав Олегович;loginDEhqt2018;EhWhoq;Заместитель директора
75;Горбунов ;Павел Леонидович;loginDExyh2018;CRk03h;Мастер
76;Никитин ;Борис Евгеньевич;loginDEjrd2018;8tl2a+;Менеджер
77;Доронина ;Фаина Якуновна;loginDEkma2018;jW{dgt;Менеджер
78;Поляков ;Лукьян Викторович;loginDEknj2018;hKZfoC;Мастер
79;Уварова ;Наталья Евгеньевна;loginDEfvq2018;*uGVVE;Менеджер
80;Соболев ;Фрол Германович;loginDEvqh2018;oQmpma;Менеджер
81;Суворова ;Зинаида Александровна;loginDEcdg2018;UYNHsU;Заказчик
82;Федосеева ;Иванна Михаиловна;loginDEpdu2018;#ИМЯ?;Мастер
83;Кудряшов ;Михаил Протасьевич;loginDEgbi2018;c29wfj;Директор
84;Аксёнова ;Александра Лаврентьевна;loginDEklt2018;5QO|u4;Заместитель директора
85;Баранов ;Алексей Авдеевич;loginDEbka2018;|AbflR;Директор
86;Гришин ;Донат Константинович;loginDEthx2018;+t}zCu;Заказчик
87;Ершов ;Виктор Яковович;loginDErns2018;tz2wx5;Заместитель директора
88;Григорьев ;Митрофан Парфеньевич;loginDEybt2018;e7uyxU;Менеджер
89;Панов ;Донат Александрович;loginDEoyy2018;4a0mnh;Мастер
90;Буров ;Серапион Сергеевич;loginDEooj2018;GPf+Bw;Мастер
91;Дорофеева ;Светлана Брониславовна;loginDExbs2018;I6DDeV;Заместитель директора
92;Суханова ;Ангелина Григорьевна;loginDEafi2018;hN8}Tj;Менеджер
93;Сергеев ;Антонин Вадимович;loginDEzyb2018;ZG73**;Мастер
94;Комиссаров ;Тихон Варламович;loginDEhwk2018;TeoCY0;Заместитель директора
95;Ефимова ;Анжелика Николаевна;loginDEzby2018;n|MYCO;Менеджер
96;Блинов ;Мэлор Дамирович;loginDExzu2018;Sch+GG;Директор
97;Блохина ;Акулина Якуновна;loginDExzf2018;6cmjFd;Мастер
98;Гущина ;Ксения Романовна;loginDEzva2018;0vLvlW;Директор
99;Пахомов ;Донат Евсеевич;loginDEdya2018;tS2NmR;Заказчик
100;Дементьев ;Владлен Глебович;loginDEaou2018;1E6ONr;Менеджер
101;Мишин ;Ростислав Пантелеймонович;loginDEeqk2018;I{iaU4;Директор
102;Пестова ;Ия Святославовна;loginDErot2018;I+0E2j;Директор
103;Казакова ;Кира Вячеславовна;loginDEhkz2018;T6BAKi;Заказчик
104;Жданов ;Ярослав Варламович;loginDEcxd2018;#ИМЯ?;Заместитель директора
105;Вишнякова ;Прасковья Всеволодовна;loginDEpty2018;m{Li1+;Мастер
106;Панфилов ;Кондрат Антонинович;loginDEtaa2018;R8oTaQ;Заказчик
107;Буров ;Егор Арсеньевич;loginDEibc2018;qb8|Mk;Заместитель директора
108;Рожков ;Глеб Гордеевич;loginDEwxv2018;qK6y{W;Менеджер
109;Федосеева ;Ольга Алексеевна;loginDEdmd2018;6xjzYR;Заместитель директора
110;Яковлева ;Валерия Михаиловна;loginDEytk2018;7D9re0;Заместитель директора
111;Лукин ;Пётр Кондратович;loginDEqga2018;P+4p4a;Менеджер
112;Дмитриев ;Никита Пётрович;loginDEaxl2018;V2S+Ih;Заказчик
113;Тарасова ;Зоя Якуновна;loginDEyan2018;uf6Krf;Директор
114;Исаков ;Константин Яковович;loginDEidg2018;YjZW6A;Заместитель директора
115;Юдин ;Валентин Геласьевич;loginDEwpm2018;zqnoi|;Заказчик
116;Селиверстова ;Анжела Алексеевна;loginDEpiz2018;JTXLk6;Директор
117;Беляев ;Якун Протасьевич;loginDEdoo2018;1jH&}l;Директор
118;Сидоров ;Святослав Демьянович;loginDEjeh2018;IgW*|U;Заказчик
119;Кабанов ;Виктор Парфеньевич;loginDEerm2018;XPr8zT;Мастер
120;Рогов ;Ким Станиславович;loginDEdlu2018;JgY{Zo;Директор
121;Блинова ;Марфа Николаевна;loginDEplk2018;xQxtYm;Заказчик
122;Тетерин ;Варлам Кимович;loginDEtix2018;Y5zv9+;Мастер
123;Крюков ;Даниил Онисимович;loginDEarc2018;AZin*Q;Заместитель директора
124;Пахомова ;Антонина Еремеевна;loginDEpba2018;&HmMXH;Мастер
125;Харитонов ;Ириней Авксентьевич;loginDEyeg2018;CFEe+Z;Заместитель директора
126;Кузьмин ;Евсей Андреевич;loginDEshj2018;#ИМЯ?;Заказчик
127;Виноградов ;Матвей Анатольевич;loginDEchx2018;S5c&fX;Директор
128;Якушева ;Анастасия Якуновна;loginDEwvl2018;&9Vpqk;Заказчик
129;Егоров ;Евсей Константинович;loginDEeeg2018;fIqIdE;Директор
130;Морозова ;Феврония Всеволодовна;loginDEaeu2018;ubmJ{u;Заказчик
131;Доронин ;Митрофан Лаврентьевич;loginDEend2018;SX8Z4A;Директор
132;Костин ;Константин Арсеньевич;loginDEtik2018;a&+vrv;Директор
133;Сорокин ;Агафон Семёнович;loginDEmmh2018;x1wAHo;Мастер
134;Мясникова ;Евфросиния Федотовна;loginDEcur2018;FuE312;Директор
135;Власов ;Никита Мартынович;loginDEath2018;Ii{d2t;Директор
136;Зуев ;Николай Георгьевич;loginDEdif2018;Tpivcr;Заказчик
137;Жданов ;Степан Аристархович;loginDErnv2018;gJ1NYR;Директор
138;Кулагин ;Лукий Брониславович;loginDEhrc2018;sk1mgK;Заместитель директора
139;Кабанова ;Алла Фёдоровна;loginDEodw2018;AMSLmE;Менеджер
140;Соболева ;Валерия Всеволодовна;loginDEbed2018;282IYv;Мастер
141;Михеев ;Ярослав Антонович;loginDEnqq2018;XKrJOU;Директор
142;Комаров ;Всеволод Степанович;loginDEjgu2018;ELrDod;Заказчик
143;Белоусов ;Лукьян Геласьевич;loginDEwbn2018;96TfQ|;Заместитель директора
144;Фёдоров ;Донат Егорович;loginDEfbq2018;}G4XKd;Заместитель директора
145;Матвиенко ;Валерия Вячеславовна;loginDEccy2018;4zb2ow;Заместитель директора
146;Калашников ;Бронислав Арсеньевич;loginDEuwn2018;wPbrBV;Директор
147; Турова ;Василиса Алексеевна;loginDEsty2018;Caam+a;Заказчик
148;Андреев ;Лаврентий Созонович;loginDEubl2018;R&o+7+;Мастер
149;Филиппова ;Фаина Фёдоровна;loginDEtqw2018;UJW+*N;Директор
150;Соболев ;Геннадий Якунович;loginDExic2018;bp&g7f;Директор
151;Михеева ;Евдокия Якововна;loginDEvdy2018;|9AaAE;Мастер
152;Евдокимова ;Людмила Лаврентьевна;loginDEqhl2018;FQQRMz;Директор
153;Чернов ;Арсений Германнович;loginDEhya2018;#ИМЯ?;Директор
154;Бирюков ;Вячеслав Агафонович;loginDEffq2018;Vs0tGb;Мастер
155;Веселов ;Вячеслав Аркадьевич;loginDEopr2018;Oklkhh;Заместитель директора
156;Исаева ;Любовь Мэлоровна;loginDEmbm2018;g90TWM;Заказчик
157;Гуляева ;Лидия Ростиславовна;loginDEsze2018;S*{8Ml;Заказчик
158;Сазонова ;Раиса Кондратовна;loginDEctg2018;dN+jod;Мастер
159;Пахомов ;Дмитрий Юлианович;loginDEruq2018;mXdZTI;Заказчик
160;Сафонов ;Семён Лаврентьевич;loginDEqpk2018;Tnh3DJ;Менеджер
161;Игнатьева ;Элеонора Олеговна;loginDEmhc2018;mMYPim;Мастер
162;Жданова ;Ангелина Якуновна;loginDErvp2018;iIOsgI;Заказчик
163;Баранов ;Валерьян Игнатьевич;loginDEgdb2018;xLvXN{;Менеджер
164;Селезнёва ;Татьяна Антониновна;loginDExet2018;S*onWu;Менеджер
165;Наумов ;Ефим Онисимович;loginDEupl2018;KE6*k|;Мастер
166;Филатова ;Пелагея Якуновна;loginDEkbx2018;T}4cTC;Мастер
167;Карпова ;Дарья Валерьевна;loginDEzwo2018;zkc0S};Мастер
168;Пономарёв ;Ярослав Лаврентьевич;loginDEvln2018;keXJ3o;Менеджер
169;Гурьев ;Евгений Витальевич;loginDEayj2018;#ИМЯ?;Менеджер
170;Игнатова ;Марфа Артёмовна;loginDEoby2018;*j704g;Заказчик
171;Бобров ;Пётр Леонидович;loginDEdje2018;Ros+rl;Заместитель директора
172;Кузнецова ;Элеонора Матвеевна;loginDEnux2018;{XMSKj;Заказчик
173;Кузьмин ;Василий Валерьевич;loginDEyhv2018;zNZYk{;Менеджер
174;Копылова ;Антонина Макаровна;loginDEuwy2018;m0S8Hy;Заместитель директора
175;Кабанов ;Гордей Геласьевич;loginDEkit2018;Zx89p+;Директор
176;Мельникова ;Прасковья Мстиславовна;loginDEzfi2018;VbhJh*;Заместитель директора
177;Громов ;Куприян Святославович;loginDEbhd2018;a80d5I;Менеджер
178;Капустин ;Федот Русланович;loginDEpul2018;1y2EaM;Менеджер
179;Герасимов ;Донат Ефимович;loginDEsyc2018;IX+1o1;Менеджер
180;Панова ;Тамара Протасьевна;loginDEmqf2018;*eh|rQ;Менеджер
181;Ефремов ;Дмитрий Мартынович;loginDEhjw2018;dFb{aw;Мастер
182;Поляков ;Евсей Алексеевич;loginDEcjd2018;F4Qv}x;Директор
183;Беспалов ;Еремей Мартынович;loginDElnh2018;D+83Ot;Заказчик
184;Тарасова ;Ксения Олеговна;loginDEebx2018;WTBC7e;Мастер
185;Кулаков ;Протасий Глебович;loginDEtbf2018;}g|DE+;Заместитель директора
186;Соловьёва ;Любовь Онисимовна;loginDEpjz2018;V8ArPO;Заместитель директора
187;Владимиров ;Геннадий Еремеевич;loginDEfpm2018;oJ7&bs;Менеджер
188;Некрасова ;Клавдия Денисовна;loginDEdrx2018;*SZ7TL;Директор
189;Казакова ;Фаина Антониновна;loginDEykq2018;Veq1N7;Заказчик
190;Сазонов ;Протасий Игоревич;loginDEthb2018;Lt7|ok;Директор
191;Исаев ;Антон Брониславович;loginDEbdb2018;nxULDN;Заказчик
192;Матвеев ;Илья Федосеевич;loginDEysy2018;*M+eyt;Директор
193;Шестаков ;Всеволод Лукьевич;loginDEjrt2018;x8St23;Мастер
194;Сергеев ;Еремей Серапионович;loginDEwim2018;Sbe&j};Мастер
195;Молчанова ;Эмилия Мэлсовна;loginDEbbt2018;IclO}d;Менеджер
196;Комаров ;Альвиан Юлианович;loginDEwbe2018;C&n1bj;Мастер
197;Щукина ;Клавдия Куприяновна;loginDEgcb2018;St&dIw;Менеджер
198;Суханов ;Лукий Ростиславович;loginDEvai2018;7dX5WR;Заказчик
199;Мишина ;Глафира Вадимовна;loginDErbv2018;7NrYfL;Менеджер
200;Бобылёв ;Якун Альбертович;loginDEyis2018;qcBZOv;Директор
201;Маслов ;Геннадий Куприянович;loginDEmiy2018;dK6+AE;Менеджер
202;Кириллов ;Серапион Всеволодович;loginDExrj2018;WJrQlq;Заказчик
203;Горшкова ;Людмила Филатовна;loginDEtyl2018;C4f}5e;Менеджер
204;Тарасова ;Людмила Макаровна;loginDEvrn2018;AfSRZI;Директор
205;Русаков ;Ярослав Агафонович;loginDEqoa2018;NUeFuT;Директор
206;Ефремова ;Варвара Иринеевна;loginDEyin2018;eikez3;Мастер
207;Игнатьев ;Федосей Парфеньевич;loginDEwpz2018;eMn{Kl;Мастер
208;Степанова ;Маргарита Ильяовна;loginDEdmj2018;J+}Wvc;Мастер
209;Блохина ;Александра Митрофановна;loginDEooq2018;pSp9XX;Менеджер
210;Яковлев ;Фёдор Мартынович;loginDEjoa2018;kChmEo;Мастер
211;Журавлёва ;Пелагея Витальевна;loginDEszj2018;B6&cJf;Директор
212;Корнилов ;Филат Артёмович;loginDEhzm2018;D*pP0+;Заказчик
213;Ковалёв ;Павел Денисович;loginDEsep2018;sG40du;Заказчик
214;Петров ;Вадим Мэлорович;loginDEhiq2018;IbJ}qw;Мастер
215;Нестеров ;Альберт Мстиславович;loginDEmww2018;ukBtoC;Заказчик
216;Терентьева ;Вероника Протасьевна;loginDEgju2018;C7nYc{;Заместитель директора
217;Белоусов ;Евсей Николаевич;loginDEcyg2018;UQA1Uu;Мастер
218;Лебедев ;Парфений Якунович;loginDEjyc2018;cj9ECm;Мастер
219;Наумов ;Мстислав Павлович;loginDEvxf2018;yS2WHF;Мастер
220;Поляков ;Яков Юлианович;loginDEajj2018;hzO1*o;Директор
221;Самойлова ;Клавдия Владленовна;loginDEjre2018;Ea5FeF;Мастер
222;Гусева ;Алина Васильевна;loginDEelw2018;8m|p+S;Заместитель директора
223;Тимофеева ;Елизавета Мэлсовна;loginDEkea2018;82af{y;Заказчик
224;Гурьева ;Кира Варламовна;loginDExkx2018;8uXYWo;Менеджер
225;Родионов ;Святослав Олегович;loginDEyxm2018;*DB|&d;Директор
226;Белов ;Геласий Серапионович;loginDEuzv2018;|6J|mm;Менеджер
227;Уваров ;Руслан Иринеевич;loginDEyaa2018;8}w*yf;Заказчик
228;Сафонов ;Станислав Григорьевич;loginDEgpt2018;Gao1gX;Заказчик
229;Игнатьев ;Алексей Вадимович;loginDEojz2018;N50|5T;Директор
230;Елисеев ;Евсей Борисович;loginDEzqo2018;HHG+eY;Заместитель директора
231;Воронцов ;Валерьян Даниилович;loginDEkfs2018;q}b+Tf;Заместитель директора
232;Князев ;Егор Донатович;loginDEqql2018;QHE5zz;Мастер
233;Ковалёва ;Мария Максимовна;loginDEmjf2018;p+u{vH;Менеджер
234;Авдеев ;Константин Станиславович;loginDEjjx2018;DP|ubQ;Директор
235;Семёнова ;Жанна Онисимовна;loginDEtch2018;TsU4a5;Директор
236;Устинова ;Милица Георгьевна;loginDEpll2018;J9pnJW;Мастер
237;Исаева ;Елена Валерьяновна;loginDEqcb2018;oMOLh+;Директор
238;Сорокин ;Лаврентий Аркадьевич;loginDEivc2018;Ci52qh;Заместитель директора
239;Наумова ;Пелагея Лукьяновна;loginDEybw2018;d+t136;Заместитель директора
240;Фадеев ;Христофор Вячеславович;loginDEtqn2018;IdjLc2;Менеджер
241;Блохин ;Богдан Улебович;loginDEtby2018;36YniT;Заместитель директора
242;Громова ;Фаина Лаврентьевна;loginDEnrq2018;pn{5RN;Директор
243;Зыков ;Богдан Леонидович;loginDEill2018;5c|dSJ;Заказчик
244;Савельева ;Прасковья Георгьевна;loginDErzp2018;W6rx|w;Заместитель директора
245;Петухова ;Элеонора Ильяовна;loginDEjgq2018;gJEYkn;Мастер
246;Морозова ;Клавдия Святославовна;loginDEbho2018;AFvMyh;Мастер
247;Колесников ;Пантелеймон Якунович;loginDErvi2018;|9LJNA;Директор
248;Орехова ;Агафья Пантелеймоновна;loginDEifv2018;V61gmp;Мастер
249;Фадеев ;Виталий Анатольевич;loginDEqkn2018;KdU6uK;Заказчик
250;Блинова ;Прасковья Агафоновна;loginDExbf2018;Vl9R|I;Заказчик
251;Игнатова ;Нинель Лаврентьевна;loginDEwkl2018;415qNv;Заместитель директора
252;Савин ;Донат Ярославович;loginDEqwd2018;Ix4V{i;Менеджер
253;Романов ;Аристарх Ильяович;loginDEjno2018;kuLGGL;Директор
254;Мишин ;Эдуард Фёдорович;loginDEpgp2018;q|Ov9c;Заместитель директора
255;Макарова ;Маргарита Всеволодовна;loginDEwua2018;*tyvel;Менеджер
256;Носкова ;Нинель Иринеевна;loginDExdd2018;rp22fO;Директор
257;Суворов ;Егор Гордеевич;loginDEmom2018;0gSoaA;Заказчик
258;Савельева ;Олимпиада Данииловна;loginDEfxd2018;uZm+f6;Мастер
259;Ершова ;Василиса Ярославовна;loginDEfiy2018;nBm{qt;Заместитель директора
260;Антонов ;Андрей Георгьевич;loginDEnxj2018;Y+Yif+;Менеджер
261;Ефимова ;Ираида Митрофановна;loginDEcbu2018;zLj0GQ;Менеджер
262;Субботин ;Максим Георгьевич;loginDExbv2018;71t|e{;Заказчик
263;Тетерин ;Христофор Степанович;loginDEwcj2018;AMXhqA;Мастер
264;Абрамов ;Игорь Семёнович;loginDEsmd2018;ZWSZHe;Менеджер
265;Казаков ;Онисим Анатольевич;loginDEtug2018;b{7&Zf;Директор
266;Нестеров ;Андрей Даниилович;loginDEcsu2018;HOFZa6;Заместитель директора
267;Медведев ;Эдуард Антонович;loginDEfse2018;axoHxw;Директор
268;Логинова ;Элеонора Дмитрьевна;loginDEgcl2018;swu*ZT;Мастер
269;Сергеев ;Георгий Кимович;loginDEmzj2018;crY1JZ;Заместитель директора
270;Медведьев ;Федосей Агафонович;loginDEvut2018;Y7Mm*Y;Директор
271;Ширяева ;Наина Васильевна;loginDEwkn2018;2*lKn+;Мастер
272;Кузьмина ;Лукия Авдеевна;loginDEbwn2018;rr&WdV;Заместитель директора
273;Шестакова ;Иванна Ярославовна;loginDEzgc2018;UHIU&T;Заместитель директора
274;Соболев ;Даниил Николаевич;loginDEzta2018;cMVEpF;Менеджер
275;Петрова ;Агафья Константиновна;loginDEsld2018;s1Ndyp;Менеджер
276;Кудрявцев ;Евгений Александрович;loginDEvgu2018;m8VeJw;Менеджер
277;Хохлов ;Семён Авдеевич;loginDEqbh2018;GZq4nd;Заместитель директора
278;Нестеров ;Анатолий Донатович;loginDEokf2018;X3+RZ0;Директор
279;Киселёв ;Анатолий Альвианович;loginDEcbi2018;UrluYp;Мастер
280;Нестеров ;Анатолий Павлович;loginDEgza2018;PXAA7c;Менеджер
281;Рогов ;Никита Вячеславович;loginDEswq2018;Rm&++t;Менеджер
282;Пестов ;Николай Константинович;loginDEqxo2018;8iqEG*;Директор
283;Сергеева ;Зоя Пётровна;loginDEguz2018;7wsWd4;Мастер
284;Матвиенко ;Фаина Демьяновна;loginDEaro2018;LE}Woo;Заместитель директора
285;Кулаков ;Авдей Донатович;loginDEaea2018;OQ8Kfz;Заказчик
286;Дмитриев ;Владислав Аркадьевич;loginDEzhp2018;16+8Jh;Заказчик
287;Шестакова ;Евдокия Авксентьевна;loginDEtzs2018;D9G6j1;Директор
288;Блинов ;Мэлор Ильяович;loginDEvem2018;HiD*0c;Директор
289;Щукин ;Федосей Павлович;loginDEvzy2018;T5Qaaa;Заказчик
290;Русаков ;Всеволод Игнатьевич;loginDErjn2018;5FMXpr;Мастер
291;Субботина ;Оксана Геннадьевна;loginDEiam2018;b+*n+0;Мастер
292;Дорофеева ;Надежда Богдановна;loginDEyff2018;LB&hR+;Заместитель директора
293;Щукина ;Надежда Германновна;loginDEykt2018;XQlo|S;Директор
294;Моисеева ;Надежда Протасьевна;loginDEcpb2018;|Be{Wn;Директор
295;Козлова ;Мария Валерьяновна;loginDEkww2018;KzFIWJ;Заказчик
296;Трофимова ;Наталья Семёновна;loginDEldo2018;oWfgBB;Менеджер
297;Ефремов ;Дамир Яковович;loginDExhi2018;l6eiog;Заказчик
298;Нестерова ;Алина Ростиславовна;loginDEltt2018;vJCz+l;Директор
299;Лазарев ;Святослав Олегович;loginDEaim2018;HdgRJI;Мастер
300;Поляков ;Мэлор Геннадьевич;loginDEndh2018;JUYAwS;Менеджер
301;Молчанов ;Лукий Митрофанович;loginDEpvn2018;v18sXi;Заказчик
302;Семёнова ;Алина Эдуардовна;loginDEcxl2018;2ToouN;Мастер
303;Николаев ;Руслан Варламович;loginDEclw2018;h5Q{Nx;Заместитель директора
304;Костин ;Андрей Иринеевич;loginDEwik2018;DS{WpL;Директор
305;Карпов ;Артём Кимович;loginDEjyb2018;om9BwD;Заказчик
306;Орехова ;Мария Станиславовна;loginDEndc2018;r3RSO9;Директор
307;Зуев ;Глеб Игнатьевич;loginDEjhx2018;cQlCrZ;Заместитель директора
308;Аксёнова ;Нинель Кондратовна;loginDEqjm2018;thu8kK;Заместитель директора
309;Никитин ;Аркадий Дмитрьевич;loginDElag2018;NupBH|;Заказчик
310;Тетерин ;Ириней Викторович;loginDEsct2018;1j*J8T;Мастер
311;Дорофеев ;Александр Авдеевич;loginDEvoe2018;zC6|UG;Менеджер
312;Стрелков ;Борис Альбертович;loginDEklg2018;l9|xfT;Менеджер
313;Уваров ;Макар Юрьевич;loginDEpzs2018;AVm+Oj;Мастер
314;Андреева ;Ульяна Евгеньевна;loginDEala2018;46+ORY;Заместитель директора
315;Кулагин ;Матвей Якунович;loginDEheo2018;XiJmr9;Мастер
316;Ершова ;Элеонора Ивановна;loginDEzyn2018;TSGsPV;Заказчик
317;Васильев ;Роман Матвеевич;loginDEbir2018;ww9{S1;Менеджер
318;Воронцова ;Наина Юрьевна;loginDEhmv2018;KE6+sS;Мастер
319;Ковалёв ;Аристарх Егорович;loginDEldj2018;kZwuDV;Менеджер
320;Ермаков ;Авдей Валентинович;loginDEqph2018;8OJ1yJ;Заказчик
321;Никонов ;Игорь Мстиславович;loginDEuyn2018;kSOtL9;Мастер
322;Князев ;Дамир Валерьевич;loginDEfyh2018;04JQix;Директор
323;Фокин ;Бронислав Иванович;loginDEcvs2018;H*OqOg;Заказчик
324;Сысоев ;Даниил Даниилович;loginDEqok2018;kZ6|yS;Заказчик
325;Мельникова ;Оксана Валентиновна;loginDEkvs2018;0GeIOP;Директор
326;Громов ;Богдан Максимович;loginDEytr2018;|vfIq2;Мастер
327;Фомин ;Владимир Игнатьевич;loginDExid2018;FywuoL;Директор
328;Соколова ;Екатерина Руслановна;loginDEzxk2018;}+j40i;Заместитель директора
329;Лыткина ;Милица Вячеславовна;loginDEjtd2018;ODotUj;Мастер
330;Панов ;Пётр Пётрович;loginDEmyz2018;gKQ4r+;Менеджер
331;Агафонов ;Егор Еремеевич;loginDEuvg2018;}rhenI;Директор
332;Казаков ;Виктор Аркадьевич;loginDEajx2018;TaE4Dg;Менеджер
333;Дроздов ;Борис Мэлорович;loginDEigl2018;L2J*KI;Заместитель директора
334;Игнатьев ;Авксентий Германович;loginDEoxo2018;f}*V{M;Менеджер
335;Медведьев ;Николай Мстиславович;loginDEvhm2018;DT}WrU;Заказчик
336;Медведева ;Ирина Валентиновна;loginDEvys2018;CxXb+r;Заказчик
337;Никонов ;Виктор Русланович;loginDEpjw2018;T*wJeK;Менеджер
338;Коновалов ;Владлен Юрьевич;loginDElxp2018;vKdJGk;Заказчик
339;Алексеев ;Виктор Васильевич;loginDExfm2018;mh6|JS;Заказчик
340;Суворова ;Алина Антоновна;loginDEcxr2018;HCt|N1;Мастер
341;Жуков ;Игнатий Семёнович;loginDEuqk2018;3vE*Fb;Директор
342;Терентьева ;Анна Дамировна;loginDExeb2018;Oa}fkk;Заместитель директора
343;Беспалов ;Григорий Христофорович;loginDEmri2018;s*YXSm;Мастер
344;Ермакова ;Лидия Григорьевна;loginDEvmr2018;t6aouh;Заказчик
345;Стрелкова ;Лариса Варламовна;loginDEtyn2018;8qte+l;Заказчик
346;Костина ;Юлия Дмитрьевна;loginDEqqw2018;qlJ6vk;Мастер
347;Шарапова ;Марина Павловна;loginDEkjs2018;A8K6dL;Мастер
348;Евдокимов ;Геннадий Макарович;loginDEvmb2018;TY5Gd5;Заместитель директора
349;Моисеев ;Лукьян Вадимович;loginDErbm2018;D6SSd+;Директор
350;Якушева ;Лукия Васильевна;loginDEoez2018;j7qgHy;Мастер
351;Меркушев ;Альберт Яковович;loginDEvij2018;7hn2va;Заместитель директора
352;Вишнякова ;Ирина Агафоновна;loginDEjgh2018;7w4c6u;Менеджер
353;Медведева ;Валентина Никитевна;loginDEsrr2018;0fO0YH;Менеджер
354;Кудрявцев ;Дамир Эдуардович;loginDEocb2018;6oLNd{;Заказчик
355;Беляков ;Владислав Богданович;loginDEpmv2018;kjE3El;Менеджер
356;Мамонтова ;Ия Лукьяновна;loginDEjov2018;zS&ClK;Заместитель директора
357;Цветкова ;Алина Улебовна;loginDEafs2018;Wiw0VR;Менеджер
358;Максимов ;Донат Игнатьевич;loginDEiky2018;G&fF7n;Заместитель директора
359;Беспалова ;Надежда Владимировна;loginDEoyu2018;}*E9Se;Заказчик
360;Воробьёва ;Евпраксия Ильяовна;loginDEcpi2018;8lSh*o;Заместитель директора
361;Миронова ;Глафира Сергеевна;loginDEjqp2018;zTKmDa;Заместитель директора
362;Тимофеев ;Фёдор Валентинович;loginDEhnh2018;m0WYQH;Заместитель директора
363;Ефимова ;Дарья Всеволодовна;loginDEuvi2018;U0W&Z&;Заказчик
364;Семёнова ;Марина Юрьевна;loginDEuug2018;aHl3qb;Директор
365;Смирнов ;Мэлор Кондратович;loginDErmf2018;U4jeNa;Мастер
366;Пономарёв ;Владлен Протасьевич;loginDEhnt2018;3X5|Jy;Заказчик
367;Вишняков ;Никита Семёнович;loginDEuvr2018;wu8lYK;Директор
368;Ларионова ;Антонина Игнатьевна;loginDEpsb2018;{O|F*N;Директор
369;Пономарёв ;Христофор Русланович;loginDEher2018;cTlCHC;Заказчик
370;Воронова ;Алла Юлиановна;loginDEyzh2018;8m6+}r;Директор
371;Сергеева ;Таисия Альвиановна;loginDElvm2018;elWeXR;Директор
372;Смирнов ;Евсей Сергеевич;loginDEron2018;ywlASa;Заместитель директора
373;Данилова ;Ангелина Аркадьевна;loginDEbzh2018;ysac1M;Заместитель директора
374;Лобанова ;Галина Демьяновна;loginDEnmc2018;X40l}h;Менеджер
375;Горшкова ;Евгения Васильевна;loginDEypj2018;2*3jan;Мастер
376;Зайцева ;Октябрина Станиславовна;loginDEwvg2018;XcZ4xF;Заместитель директора
377;Шарапова ;Глафира Мстиславовна;loginDElqo2018;TiSXX{;Заместитель директора
378;Кулагин ;Мстислав Пётрович;loginDErhy2018;yQl65Q;Заместитель директора
379;Сорокин ;Сергей Олегович;loginDEoqc2018;*Cm6gW;Менеджер
380;Кондратьев ;Альвиан Протасьевич;loginDEskh2018;X{x9ae;Директор
381;Сысоев ;Анатолий Арсеньевич;loginDEvkg2018;tzCLIX;Заказчик
382;Иванов ;Антон Степанович;loginDEpnq2018;D69F&h;Директор
383;Попов ;Илья Филатович;loginDEyza2018;CsA9|P;Мастер
384;Захарова ;Маргарита Авксентьевна;loginDEiai2018;OPjijt;Заместитель директора
385;Моисеев ;Лукий Борисович;loginDEbsc2018;myJPKm;Директор
386;Одинцов ;Никита Игоревич;loginDExsn2018;lY3vnH;Мастер
387;Игнатов ;Демьян Матвеевич;loginDEnnv2018;rITdxe;Заказчик
388;Щербакова ;Октябрина Евгеньевна;loginDEqwh2018;yBJ1BR;Мастер
389;Баранов ;Андрей Евсеевич;loginDEqdb2018;&S*k|o;Заместитель директора
390;Самойлов ;Агафон Юлианович;loginDExdk2018;qZhYRF;Директор
391;Кабанова ;Таисия Донатовна;loginDEgwd2018;AVPVNQ;Менеджер
392;Евсеева ;Тамара Эдуардовна;loginDExvb2018;QC7KQ0;Менеджер
393;Лапина ;Фёкла Мстиславовна;loginDEdhh2018;WpZhYf;Заказчик
394;Дроздов ;Владислав Эдуардович;loginDErhx2018;iCAe1v;Директор
395;Орехова ;Ираида Николаевна;loginDEenm2018;2s1Lxh;Менеджер
396;Брагина ;Анастасия Кимовна;loginDEwqd2018;MF2TkC;Мастер
397;Большаков ;Лаврентий Валерьевич;loginDEwom2018;fU+Q0O;Заказчик
398;Меркушева ;Евдокия Кимовна;loginDEngr2018;#ИМЯ?;Заказчик
399;Быкова ;Надежда Авксентьевна;loginDEjpa2018;cagBg7;Директор
400;Бурова ;Екатерина Ефимовна;loginDEpgx2018;c**OJQ;Мастер
401;Беспалов ;Михаил Фёдорович;loginDEnng2018;E{1p}t;Заказчик
402;Марков ;Вячеслав Владимирович;loginDEtmh2018;ZQ2*|q;Мастер
403;Дорофеева ;Марина Никитевна;loginDEcbm2018;puJ4i1;Директор
404;Блохин ;Парфений Владленович;loginDEfae2018;pa&d4a;Мастер
405;Самсонов ;Альвиан Игнатьевич;loginDEqzo2018;Gy3lzx;Менеджер
406;Орехова ;Наина Кондратовна;loginDEcan2018;SZKNx{;Мастер
407;Борисов ;Геннадий Вячеславович;loginDEobl2018;K+rV}b;Директор
408;Афанасьев ;Владлен Евгеньевич;loginDEeyg2018;TOcMjG;Заместитель директора
409;Колобова ;Алина Парфеньевна;loginDEdld2018;6OKEWQ;Директор
410;Туров ;Христофор Филатович;loginDErvs2018;V7Rly7;Менеджер
411;Мартынов ;Олег Олегович;loginDEpux2018;NrtA{k;Мастер
412;Давыдова ;Елена Георгьевна;loginDEgwm2018;S2JKft;Мастер
413;Лапин ;Павел Макарович;loginDEecp2018;iOJ*u2;Директор
414;Громова ;Ульяна Егоровна;loginDEvbv2018;4X6wL5;Заместитель директора
415;Нестерова ;Нина Юрьевна;loginDErxe2018;0egZd8;Директор
416;Захаров ;Фёдор Викторович;loginDEart2018;hnNvJ6;Заместитель директора
417;Артемьева ;Вероника Улебовна;loginDEqwf2018;YD3ird;Менеджер
418;Зайцев ;Аристарх Егорович;loginDEszy2018;nq+dxM;Директор
419;Галкин ;Авксентий Ильяович;loginDEbvt2018;dQdmQF;Менеджер
420;Матвеев ;Павел Еремеевич;loginDEkws2018;fZj28G;Директор
421;Ершов ;Федосей Геласьевич;loginDEizo2018;0wQJ2L;Менеджер
422;Гущина ;Нонна Ефимовна;loginDEnnf2018;z|t5P{;Мастер
423;Матвеев ;Яков Христофорович;loginDEcpv2018;|titk+;Директор
424;Рожкова ;Пелагея Геннадьевна;loginDEnsx2018;czRSi3;Заказчик
425;Щербакова ;Агата Матвеевна;loginDEazz2018;uhLV9n;Мастер
426;Александрова ;Иванна Лаврентьевна;loginDEjkw2018;8I8Yk1;Заместитель директора
427;Моисеев ;Фёдор Мэлсович;loginDEtri2018;0VC{f|;Менеджер
428;Трофимов ;Ярослав Валентинович;loginDEdlw2018;4tyo1M;Заказчик
429;Кондратьев ;Аркадий Михаилович;loginDEght2018;E3k7zP;Заместитель директора
430;Мартынов ;Матвей Антонович;loginDEhzq2018;QhSJos;Мастер
431;Лыткин ;Сергей Агафонович;loginDEwia2018;qVG5zl;Заместитель директора
432;Тимофеев ;Федот Германнович;loginDEwmh2018;YTtWqJ;Заказчик
433;Евсеева ;Ксения Георгьевна;loginDEndq2018;cv7LdO;Заказчик
434;Гришина ;Глафира Мэлсовна;loginDErid2018;vMG+ko;Директор
435;Фёдоров ;Аркадий Николаевич;loginDExxh2018;UgbzHK;Заместитель директора
436;Гурьев ;Пётр Федотович;loginDEwoz2018;vAuXEx;Заказчик
437;Марков ;Александр Созонович;loginDEdjc2018;x*slLs;Заместитель директора
438;Попов ;Фрол Серапионович;loginDEgzq2018;FwZalk;Заместитель директора
439;Жуков ;Тихон Германович;loginDEefa2018;O6TkFS;Директор
440;Самсонова ;Феврония Арсеньевна;loginDEcdn2018;1MtIz};Заместитель директора
441;Попова ;Татьяна Артёмовна;loginDEgwc2018;zWQpyU;Заказчик
442;Богданов ;Егор Андреевич;loginDEefc2018;Zaj{+Y;Менеджер
443;Третьяков ;Аристарх Геннадьевич;loginDEjef2018;J+F{R1;Менеджер
444;Вишнякова ;Людмила Евгеньевна;loginDEpib2018;VeJY8o;Директор
445;Горшкова ;Полина Якововна;loginDEekp2018;wvC|+L;Директор
446;Соболева ;Валентина Созоновна;loginDEjzb2018;lRjz+1;Мастер
447;Ковалёва ;Феврония Всеволодовна;loginDEdqb2018;w+Sx*+;Директор
448;Иван ;Викторовна;loginDEptn2018;NXXNVO;Заместитель директора
449;Евсеев ;Денис Борисович;loginDEcna2018;c4RbaU;Заместитель директора
450;Степанов ;Виталий Лукьевич;loginDEdrj2018;eD*hjv;Заказчик
451;Никифоров ;Всеволод Иванович;loginDEjrm2018;Cpb+Im;Мастер
452;Воронов ;Донат Никитевич;loginDEpxl2018;P6h4Jq;Менеджер
453;Игнатьева ;Евгения Валентиновна;loginDEwgk2018;&mfI9l;Мастер
454;Буров ;Федот Егорович;loginDEpou2018;gX3f5Z;Заместитель директора
455;Иван ;Семёновна;loginDEjwl2018;D4ZYHt;Заказчик
456;Денисов ;Дамир Филатович;loginDEabf2018;*Tasm+;Заместитель директора
457;Ершов ;Максим Геласьевич;loginDEwjm2018;k}DJKo;Заместитель директора
458;Копылов ;Куприян Пётрович;loginDEjvz2018;&|bGTy;Директор
459;Носов ;Валерьян Дмитрьевич;loginDEuyv2018;8hhrZ};Заказчик
460;Силин ;Игорь Авдеевич;loginDExdm2018;DH68L9;Заместитель директора
461;Дроздова ;Александра Мартыновна;loginDEeiv2018;H*BxlS;Менеджер
462;Дроздов ;Аркадий Геласьевич;loginDEfuc2018;VuM+QT;Директор
463;Боброва ;Варвара Евсеевна;loginDEoot2018;usi{aT;Мастер
464;Чернова ;Агата Данииловна;loginDElhk2018;Okk0jY;Заказчик
465;Лыткина ;Ульяна Станиславовна;loginDEazg2018;s3bb|V;Директор
466;Лаврентьев ;Леонид Игнатьевич;loginDEaba2018;#ИМЯ?;Заместитель директора
467;Кулаков ;Юрий Владленович;loginDEtco2018;tTKDJB;Мастер
468;Соловьёв ;Андрей Александрович;loginDEsyq2018;2QbpBN;Менеджер
469;Корнилова ;Марфа Макаровна;loginDEpxi2018;+5X&hy;Заместитель директора
470;Белоусова ;Любовь Георгьевна;loginDEicr2018;3+|Sn{;Заместитель директора
471;Анисимов ;Никита Гордеевич;loginDEcui2018;Zi1Tth;Менеджер
472;Стрелкова ;Фаина Федосеевна;loginDEpxc2018;G+nFsv;Директор
473;Осипов ;Евгений Иванович;loginDEqrd2018;sApUbt;Менеджер
474;Владимирова ;Иванна Павловна;loginDEsso2018;#ИМЯ?;Директор
475;Кудрявцева ;Жанна Демьяновна;loginDErsy2018;{Aa6nS;Заместитель директора
476;Матвиенко ;Яков Брониславович;loginDEvpz2018;mS0UxK;Мастер
477;Селезнёв ;Егор Артёмович;loginDEfog2018;glICay;Директор
478;Брагин ;Куприян Митрофанович;loginDEpii2018;Ob}RZB;Заместитель директора
479;Гордеев ;Виктор Эдуардович;loginDEhyk2018;*gN}Tc;Директор
480;Мартынов ;Онисим Брониславович;loginDEdxi2018;ywLUbA;Заместитель директора
481;Никонова ;Евгения Павловна;loginDEzro2018;B24s6o;Заместитель директора
482;Полякова ;Анна Денисовна;loginDEuxg2018;K8jui7;Директор
483;Макарова ;Пелагея Антониновна;loginDEllw2018;jNtNUr;Заказчик
484;Андреева ;Анна Вячеславовна;loginDEddg2018;gGGhvD;Заказчик
485;Кудрявцева ;Кира Ефимовна;loginDEpdz2018;#ИМЯ?;Заказчик
486;Шилова ;Кира Егоровна;loginDEyiw2018;cnj3QR;Менеджер
487;Ситников ;Игорь Борисович;loginDEqup2018;95AU|R;Менеджер
488;Русаков ;Борис Христофорович;loginDExil2018;w+++Ht;Заказчик
489;Капустина ;Ульяна Игоревна;loginDEkuv2018;Ade++|;Заместитель директора
490;Беляков ;Семён Германнович;loginDEmox2018;Je}9e7;Менеджер
491;Гурьев ;Ириней Игнатьевич;loginDEvug2018;lEa{Cn;Мастер
492;Мишин ;Христофор Леонидович;loginDEzre2018;N*VX+G;Заказчик
493;Лазарева ;Антонина Христофоровна;loginDEbes2018;NaVtyH;Директор
494;Маркова ;Ираида Сергеевна;loginDEkfg2018;r1060q;Заместитель директора
495;Носкова ;Пелагея Валерьевна;loginDEyek2018;KY2BL4;Мастер
496;Баранов ;Станислав Дмитрьевич;loginDEloq2018;NZV5WR;Мастер
497;Ефремов ;Демьян Артёмович;loginDEjfb2018;TNT+}h;Директор
498;Константинов ;Всеволод Мэлсович;loginDEueq2018;GqAUZ6;Мастер
499;Ситникова ;Ираида Андреевна;loginDEpqz2018;F0Bp7F;Заказчик
500;Матвеев ;Кондрат Иванович;loginDEovk2018;JyJM{A;Директор
501;Носков ;Альвиан Онисимович;loginDEhej2018;K9Z5Vp;Мастер
502;Степанова ;Любовь Мэлсовна;loginDEqrj2018;PC2nrX;Менеджер
503;Кононов ;Авдей Протасьевич;loginDEqca2018;hLEkgV;Заказчик
504;Ларионов ;Макар Якунович;loginDElme2018;|wu0n4;Заказчик
505;Пахомова ;Эмилия Геласьевна;loginDEfnf2018;6cftrw;Заказчик
506;Сысоев ;Виктор Варламович;loginDEpbt2018;}}vuSH;Заказчик
507;Денисова ;Ия Филатовна;loginDEhdc2018;iF+GK&;Заказчик
508;Лобанова ;Акулина Игоревна;loginDEcox2018;y+vRV{;Менеджер
509;Жуков ;Максим Николаевич;loginDEsds2018;SxMndn;Заказчик
510;Александрова ;Анжелика Евгеньевна;loginDEbye2018;sHjuzU;Заказчик
511;Коновалов ;Игнатий Юлианович;loginDEakk2018;f5aZnV;Директор
512;Михайлов ;Ростислав Вадимович;loginDEmrf2018;uEB&n4;Директор
513;Шаров ;Герман Митрофанович;loginDEyje2018;zxEUoz;Менеджер
514;Воронцова ;Нонна Дмитрьевна;loginDEhqg2018;0Z4{o3;Заказчик
515;Хохлова ;Мария Тихоновна;loginDExyv2018;wSMsO2;Заказчик
516;Уваров ;Федосей Донатович;loginDEwoq2018;0RQ1nZ;Директор
517;Андреева ;Нина Михаиловна;loginDEkbf2018;mBqfYS;Менеджер
518;Новиков ;Николай Мэлсович;loginDEwtx2018;Ig3rQJ;Менеджер
519;Жданова ;Анна Еремеевна;loginDEhio2018;3Aaqne;Мастер
520;Егорова ;Фёкла Кондратовна;loginDEome2018;hAOrBa;Заказчик
521;Зиновьев ;Лукий Владимирович;loginDEflj2018;alo84u;Заказчик
522;Пахомов ;Протасий Артёмович;loginDEnei2018;M2pIA8;Заказчик
523;Рожков ;Дамир Ростиславович;loginDEzbo2018;8km&kZ;Мастер
524;Наумова ;Лариса Антоновна;loginDEsdu2018;}MbQZe;Менеджер
525;Кузьмин ;Максим Антонинович;loginDEklp2018;kecK{O;Директор
526;Беспалов ;Демьян Алексеевич;loginDEzdc2018;Zf8mx0;Заместитель директора
527;Суханов ;Мартын Глебович;loginDEkzp2018;G*n9OB;Директор
528;Сергеев ;Никита Валентинович;loginDEdqe2018;Gzy&A6;Директор
529;Пахомова ;Тамара Владиславовна;loginDElmm2018;dbX7VE;Менеджер
530;Герасимов ;Демьян Никитевич;loginDEnhf2018;PlKjdc;Заместитель директора
531;Гришина ;Феврония Егоровна;loginDEcrj2018;FI&nQq;Директор
532;Козлова ;Вера Георгьевна;loginDExhd2018;8sE1Q5;Мастер
533;Лазарева ;Мария Сергеевна;loginDEgcs2018;hNDB+t;Заместитель директора
534;Медведьев ;Василий Варламович;loginDEmub2018;RDXGd1;Директор
535;Орлов ;Виктор Павлович;loginDEqms2018;|uq7Lb;Мастер
536;Журавлёв ;Агафон Мэлсович;loginDEvqe2018;wJzfcY;Заказчик
537;Тимофеев ;Мартын Еремеевич;loginDEupi2018;WNX1|z;Заказчик
538;Ларионов ;Мартын Геласьевич;loginDEwka2018;y}vBjg;Менеджер
539;Белозёров ;Андрей Николаевич;loginDEkkb2018;#ИМЯ?;Заместитель директора
540;Пономарёв ;Дмитрий Гордеевич;loginDEeni2018;mpWg+d;Заказчик
541;Белозёрова ;Юлия Ростиславовна;loginDEset2018;CTN+IM;Мастер
542;Щербаков ;Александр Федотович;loginDEmii2018;B84UwV;Менеджер
543;Артемьев ;Даниил Филатович;loginDEikh2018;3yKW4y;Директор
544;Зиновьев ;Дамир Ефимович;loginDEaqv2018;nl0D9i;Заказчик
545;Туров ;Лукий Альбертович;loginDErgc2018;Hr9YpQ;Заказчик
546;Смирнова ;Мария Иринеевна;loginDEntg2018;pVmHC0;Директор
547;Крюкова ;Октябрина Геннадьевна;loginDEbuk2018;gLK7UQ;Директор
548;Медведева ;Мария Антониновна;loginDEsib2018;pM3n0J;Менеджер
549;Назаров ;Степан Макарович;loginDEmqs2018;KRp6IW;Мастер
550;Николаева ;Василиса Всеволодовна;loginDEljn2018;368eRp;Мастер
551;Ефремов ;Сергей Пантелеймонович;loginDEppn2018;6}i+FD;Мастер
552;Родионова ;Тамара Валентиновна;loginDElqb2018;RNynil;Заказчик
553;Миронова ;Галина Улебовна;loginDEydn2018;34I}X9;Заместитель директора
554;Сидоров ;Роман Иринеевич;loginDEijg2018;4QlKJW;Заместитель директора
555;Ситников ;Парфений Всеволодович;loginDEdpy2018;MJ0W|f;Директор
556;Никонов ;Роман Геласьевич;loginDEwdm2018;&PynqU;Директор
557;Щербаков ;Владимир Матвеевич;loginDEdup2018;JM+2{s;Директор
558;Кулаков ;Мартын Михаилович;loginDEhbm2018;9aObu4;Заместитель директора
559;Сазонова ;Оксана Лаврентьевна;loginDExvq2018;hX0wJz;Мастер
560;Архипов ;Варлам Мэлорович;loginDErks2018;LQNSjo;Мастер
561;Устинова ;Ираида Мэлоровна;loginDErvb2018;ceAf&R;Директор
562;Лукин ;Георгий Альбертович;loginDEulo2018;#ИМЯ?;Заказчик
563;Кононов ;Эдуард Валентинович;loginDEgfw2018;3c2Ic1;Заказчик
564;Орехова ;Клавдия Альбертовна;loginDEmxb2018;ZPXcRS;Мастер
565;Яковлев ;Яков Эдуардович;loginDEgeq2018;&&Eim0;Директор
566;Воронов ;Мэлс Семёнович;loginDEkhj2018;Pbc0t{;Заказчик
567;Вишнякова ;Ия Данииловна;loginDEliu2018;32FyTl;Мастер
568;Третьяков ;Фёдор Вадимович;loginDEsmf2018;{{O2QG;Заместитель директора
569;Макаров ;Максим Ильяович;loginDEutd2018;GbcJvC;Заказчик
570;Шубина ;Маргарита Анатольевна;loginDEpgh2018;YV2lvh;Заместитель директора
571;Блинова ;Ангелина Владленовна;loginDEvop2018;pBP8rO;Заместитель директора
572;Воробьёв ;Владлен Фролович;loginDEwjo2018;EQaD|d;Заместитель директора
573;Сорокина ;Прасковья Фёдоровна;loginDEbur2018;aZKGeI;Директор
574;Давыдов ;Яков Антонович;loginDEszw2018;EGU{YE;Менеджер
575;Рыбакова ;Евдокия Анатольевна;loginDExsu2018;*2RMsp;Мастер
576;Маслов ;Геннадий Фролович;loginDEztn2018;nJBZpU;Заказчик
577;Цветкова ;Элеонора Аристарховна;loginDEtmn2018;UObB}N;Директор
578;Евдокимов ;Ростислав Александрович;loginDEhep2018;SwRicr;Мастер
579;Никонова ;Венера Станиславовна;loginDEevr2018;zO5l}l;Мастер
580;Громов ;Егор Антонович;loginDEnpa2018;M*QLjf;Директор
581;Суворова ;Валерия Борисовна;loginDEgyt2018;Pav+GP;Менеджер
582;Мишина ;Елизавета Романовна;loginDEbrr2018;Z7L|+i;Заместитель директора
583;Зимина ;Ольга Аркадьевна;loginDEyoo2018;UG1BjP;Заместитель директора
584;Игнатьев ;Игнатий Антонинович;loginDEaob2018;3fy+3I;Заместитель директора
585;Пахомова ;Зинаида Витальевна;loginDEwtz2018;&GxSST;Мастер
586;Устинов ;Владимир Федосеевич;loginDEctf2018;sjt*3N;Заместитель директора
587;Кулаков ;Мэлор Вячеславович;loginDEipm2018;MAZl6|;Заместитель директора
588;Сазонов ;Авксентий Брониславович;loginDEjoi2018;o}C4jv;Заместитель директора
589;Бурова ;Наина Брониславовна;loginDEwap2018;4hny7k;Директор
590;Фадеев ;Демьян Федосеевич;loginDEaxm2018;BEc3xq;Заместитель директора
591;Бобылёва ;Дарья Якуновна;loginDEsmq2018;ATVmM7;Директор
592;Виноградов ;Созон Арсеньевич;loginDEeur2018;n4V{wP;Заместитель директора
593;Гордеев ;Владлен Ефимович;loginDEvke2018;WQLXSl;Менеджер
594;Иванова ;Зинаида Валерьевна;loginDEvod2018;0EW93v;Мастер
595;Гусев ;Руслан Дамирович;loginDEjaw2018;h6z&Ky;Мастер
596;Маслов ;Дмитрий Иванович;loginDEpdp2018;8NvRfC;Заместитель директора
597;Антонова ;Ульяна Семёновна;loginDEjpp2018;oMOQq3;Заказчик
598;Орехова ;Людмила Владимировна;loginDEkiy2018;BQzsts;Мастер
599;Авдеева ;Жанна Куприяновна;loginDEhmn2018;a|Iz|7;Мастер
600;Кузнецов ;Фрол Варламович;loginDEfmn2018;cw3|03;Менеджер
601;Лихачёв ;Онисим Гордеевич;loginDErfg2018;5ovb1N;Заказчик
602;Рожков ;Тихон Владиславович;loginDEymi2018;nR0+pI;Заместитель директора
603;Павлов ;Максим Фёдорович;loginDEnbi2018;Ed*JQP;Мастер
604;Шилов ;Матвей Альбертович;loginDEhvg2018;SaHv6w;Директор
605;Шаров ;Федосей Юрьевич;loginDEmbg2018;Fou{d3;Мастер
606;Медведева ;Пелагея Мартыновна;loginDEubq2018;{jzW2v;Мастер
607;Медведев ;Григорий Агафонович;loginDEosl2018;O3O}we;Менеджер
608;Соколова ;Марфа Всеволодовна;loginDErog2018;&W4Wtq;Менеджер
609;Петухова ;Василиса Еремеевна;loginDEsku2018;fUldqr;Заместитель директора
610;Беспалова ;Галина Дмитрьевна;loginDEatu2018;}nGbhZ;Заместитель директора
611;Андреева ;Александра Владиславовна;loginDEhks2018;XV|+W4;Заказчик
612;Селезнёв ;Федот Валентинович;loginDEzbl2018;ih4xKJ;Директор
613;Вишняков ;Сергей Иванович;loginDEoxa2018;mL+97r;Мастер
614;Зимин ;Василий Русланович;loginDEssm2018;oBrTGr;Заместитель директора
615;Фадеева ;Регина Онисимовна;loginDEzxw2018;pX&AsH;Директор
616;Артемьев ;Варлам Альбертович;loginDEkzo2018;n3es*S;Менеджер
617;Щербаков ;Лукий Онисимович;loginDEdaq2018;dWsvBS;Заместитель директора
618;Горбунов ;Матвей Сергеевич;loginDEnjd2018;0&3HHn;Менеджер
619;Зиновьева ;Варвара Антоновна;loginDEluw2018;S3wj{I;Менеджер
620;Фролов ;Юрий Варламович;loginDEole2018;p+kvb6;Заказчик
621;Ларионова ;Василиса Владимировна;loginDEebl2018;#ИМЯ?;Заместитель директора
622;Силин ;Вячеслав Валерьевич;loginDEfug2018;z|6cXV;Менеджер
623;Герасимова ;Феврония Валерьяновна;loginDEgfx2018;GFSZAB;Директор
624;Пономарёва ;Вера Руслановна;loginDEtww2018;4icZTg;Мастер
625;Медведьев ;Руслан Богданович;loginDElyc2018;#ИМЯ?;Менеджер
626;Владимиров ;Геласий Пантелеймонович;loginDEcbd2018;GwG*p6;Директор
627;Корнилов ;Иван Игоревич;loginDEcay2018;ehtG*H;Мастер
628;Иван ;Вячеславовна;loginDEmel2018;8zmoSV;Заместитель директора
629;Ермакова ;Зинаида Данииловна;loginDEhqk2018;KBc4A+;Директор
630;Пахомова ;Элеонора Григорьевна;loginDEkny2018;v2+4Ro;Директор
631;Гущина ;Вера Ефимовна;loginDEmda2018;sG+NF0;Директор
632;Полякова ;Антонина Андреевна;loginDEhhf2018;d+GS5y;Заместитель директора
633;Зуева ;Марина Ильяовна;loginDEilc2018;eyRufZ;Заказчик
634;Агафонов ;Агафон Максимович;loginDEwfv2018;ZSUiGT;Заместитель директора
635;Архипов ;Агафон Игоревич;loginDEozn2018;nndP3Q;Директор
636;Лапина ;Иванна Аристарховна;loginDEbtr2018;FdZrI3;Менеджер
637;Маслова ;Мария Аристарховна;loginDEcuf2018;aOdzYf;Мастер
638;Русаков ;Василий Куприянович;loginDEtye2018;MEJjQt;Заместитель директора
639;Николаева ;Евдокия Пётровна;loginDEncq2018;GgG3m0;Мастер
640;Прохоров ;Олег Брониславович;loginDEtmt2018;}FOh*};Заказчик
641;Зайцев ;Макар Владленович;loginDEyqb2018;xLmuQq;Заказчик
642;Жданов ;Сергей Гордеевич;loginDExld2018;a8Vjkx;Мастер
643;Нестеров ;Авдей Митрофанович;loginDEnig2018;Cm00D0;Заказчик
644;Григорьева ;Глафира Антоновна;loginDEmly2018;IZJ7O|;Менеджер
645;Зыков ;Геласий Лаврентьевич;loginDElom2018;Yg}k84;Директор
646;Александрова ;Марфа Протасьевна;loginDEvoa2018;RdGikC;Заместитель директора
647;Мухин ;Донат Ростиславович;loginDEwmq2018;ds4KAb;Заказчик
648;Костин ;Геласий Германнович;loginDEdba2018;D7xF6u;Заказчик
649;Лазарев ;Протасий Игоревич;loginDEnsr2018;VZKTog;Заместитель директора
650;Пестов ;Богдан Германнович;loginDEqsc2018;UU|FkZ;Заказчик
651;Алексеев ;Владислав Аркадьевич;loginDEbct2018;Qg3gff;Директор
652;Савельева ;Евфросиния Арсеньевна;loginDEvtg2018;ETMNzL;Мастер
653;Никонов ;Мэлс Лукьевич;loginDEuro2018;a1MIcO;Менеджер
654;Горшкова ;Агафья Онисимовна;loginDEpst2018;0CyGnX;Директор
655;Горбачёв ;Пантелеймон Германович;loginDEpsu2018;Vx9cQ{;Менеджер
656;Ершова ;Иванна Максимовна;loginDEzqs2018;qM9p7i;Заместитель директора
657;Туров ;Денис Геласьевич;loginDEioe2018;yMPu&2;Мастер
658;Носова ;Наина Эдуардовна;loginDEcmk2018;3f+b0+;Менеджер
659;Куликов ;Андрей Святославович;loginDEfsp2018;&dtlI+;Директор
660;Нестеров ;Агафон Георгьевич;loginDExcd2018;SZXZNL;Менеджер
661;Козлов ;Геласий Христофорович;loginDEvlf2018;O5mXc2;Заказчик
662;Борисова ;Анжелика Анатольевна;loginDEanv2018;Xiq}M3;Заместитель директора
663;Суханов ;Станислав Фролович;loginDEzde2018;tlO3x&;Заказчик
664;Тетерина ;Феврония Эдуардовна;loginDEriv2018;GJ2mHL;Менеджер
665;Муравьёва ;Александра Ростиславовна;loginDEhcp2018;n2nfRl;Мастер
666;Новикова ;Лукия Ярославовна;loginDEwjv2018;ZfseKA;Заказчик
667;Агафонова ;Лариса Михаиловна;loginDEiry2018;5zu7+};Директор
668;Сергеева ;Агата Юрьевна;loginDEgbr2018;}+Ex1*;Мастер
669;Колобова ;Елена Евгеньевна;loginDExxv2018;+daE|T;Мастер
670;Ситников ;Николай Филатович;loginDEbto2018;b1iYMI;Заказчик
671;Белов ;Роман Иринеевич;loginDEfbs2018;v90Rep;Заместитель директора
672;Волкова ;Алла Лукьевна;loginDEple2018;WlW+l8;Заместитель директора
673;Кудрявцева ;Таисия Игоревна;loginDEhhx2018;hmCHeQ;Заместитель директора
674;Семёнова ;Октябрина Христофоровна;loginDEayn2018;Ka2Fok;Мастер
675;Смирнов ;Сергей Яковович;loginDEwld2018;y9HStF;Директор
676;Брагина ;Алина Валерьевна;loginDEhuu2018;X31OEf;Заместитель директора
677;Евсеев ;Игорь Донатович;loginDEmjb2018;5mm{ch;Директор
678;Суворов ;Илья Евсеевич;loginDEdgp2018;1WfJjo;Мастер
679;Котов ;Денис Мартынович;loginDEgyi2018;|7nYPc;Мастер
680;Бобылёва ;Юлия Егоровна;loginDEmvn2018;Mrr9e0;Менеджер
681;Брагин ;Бронислав Георгьевич;loginDEfoj2018;nhGc+D;Заказчик
682;Александров ;Владимир Дамирович;loginDEuuo2018;42XmH1;Заместитель директора
683;Фокин ;Ириней Ростиславович;loginDEhsj2018;s+jrMW;Директор
684;Воронов ;Митрофан Антонович;loginDEvht2018;zMyS8Z;Мастер
685;Маслов ;Мстислав Антонинович;loginDEeqo2018;l5CBqA;Заместитель директора
686;Щербаков ;Георгий Богданович;loginDExrf2018;mhpRIT;Заместитель директора
687;Кириллова ;Эмилия Федосеевна;loginDEfku2018;a1m+8c;Заказчик
688;Васильев ;Серапион Макарович;loginDExix2018;hzxtnn;Мастер
689;Галкина ;Олимпиада Владленовна;loginDEqrf2018;mI8n58;Мастер
690;Яковлева ;Ксения Онисимовна;loginDEhlk2018;g0jSed;Заместитель директора
691;Калашникова ;Александра Владимировна;loginDEwoe2018;yOtw2F;Мастер
692;Медведьева ;Таисия Тихоновна;loginDExyu2018;7Fg}9p;Директор
693;Карпова ;Ольга Лукьевна;loginDEcor2018;2cIrC8;Менеджер
694;Герасимов ;Мстислав Дамирович;loginDEqon2018;YeFbh6;Заместитель директора
695;Тимофеева ;Ксения Валерьевна;loginDEyfd2018;8aKdb0;Заместитель директора
696;Горбунов ;Вячеслав Станиславович;loginDEtto2018;qXYDuu;Директор
697;Кошелева ;Кира Владиславовна;loginDEdal2018;cJWXL0;Менеджер
698;Панфилова ;Марина Борисовна;loginDEbjs2018;Xap2ct;Мастер
699;Кудрявцев ;Матвей Игоревич;loginDEdof2018;kD|LRU;Заместитель директора
700;Зуев ;Эдуард Пантелеймонович;loginDEsnh2018;#ИМЯ?;Заместитель директора
701;Герасимов ;Вячеслав Ростиславович;loginDEftn2018;gPq+a};Мастер
702;Суворов ;Всеволод Богданович;loginDEhuv2018;EJFYzS;Мастер
703;Ширяев ;Иван Игоревич;loginDEfhd2018;{4wU7n;Заместитель директора
704;Колобова ;Иванна Геннадьевна;loginDEaon2018;&OmaNE;Мастер
705;Шестаков ;Антон Константинович;loginDEyat2018;ELSTyH;Директор
706;Игнатьев ;Федосей Богданович;loginDEmin2018;pQ6jze;Заказчик
707;Горбунов ;Валентин Григорьевич;loginDEzal2018;zbU8R5;Менеджер
708;Терентьева ;Анжела Михаиловна;loginDEemw2018;NxhF5I;Директор
709;Мясникова ;Ия Евсеевна;loginDEmqt2018;SIasu5;Заместитель директора
710;Горбунов ;Григорий Денисович;loginDEpxx2018;Xv{vjN;Директор
711;Герасимов ;Олег Авксентьевич;loginDEetv2018;lNi&rF;Заместитель директора
712;Меркушева ;Нинель Матвеевна;loginDEonq2018;mKIIRQ;Менеджер
713;Степанов ;Григорий Матвеевич;loginDErhl2018;U}rb9j;Заказчик
714;Агафонов ;Владлен Станиславович;loginDEfou2018;O+S9hm;Заместитель директора
715;Кузнецов ;Фрол Георгьевич;loginDElno2018;le1vt2;Заказчик
716;Игнатьев ;Борис Владиславович;loginDEtbx2018;CQplH|;Мастер
717;Симонов ;Юрий Созонович;loginDEltw2018;zvjkwE;Заказчик
718;Степанов ;Евсей Федотович;loginDEfuz2018;ILry03;Мастер
719;Зыков ;Вячеслав Антонович;loginDEygj2018;7b6PUb;Заместитель директора
720;Анисимова ;Алина Протасьевна;loginDEwpn2018;9BBkXP;Мастер
721;Артемьева ;Лариса Макаровна;loginDEyix2018;6zbXg*;Директор
722;Мамонтова ;Ия Христофоровна;loginDEtms2018;70Z&Zy;Заместитель директора
723;Котова ;Светлана Леонидовна;loginDEmgl2018;QJNgD&;Директор
724;Фёдорова ;Алла Брониславовна;loginDEhix2018;ZKnd*0;Мастер
725;Гущина ;Анжела Аркадьевна;loginDEwbk2018;iJMh5B;Заказчик
726;Дмитриев ;Григорий Мэлорович;loginDEpwa2018;yn5MLQ;Заказчик
727;Дроздова ;Фёкла Митрофановна;loginDElrx2018;lbX+dF;Мастер
728;Гаврилов ;Василий Германович;loginDEidx2018;R2j0mn;Заказчик
729;Суханова ;Фаина Юрьевна;loginDEzmk2018;ZrgBk6;Менеджер
730;Савельев ;Егор Сергеевич;loginDEvje2018;gCU1fd;Менеджер
731;Иван ;Васильевна;loginDEwun2018;yy+Qhe;Мастер
732;Сазонова ;Клавдия Евгеньевна;loginDEfzq2018;36H8f};Заказчик
733;Шаров ;Григорий Созонович;loginDEwel2018;UU5FTi;Директор
734;Щербаков ;Кондрат Фёдорович;loginDEljg2018;CT44Gc;Заказчик
735;Дроздов ;Дмитрий Юлианович;loginDEgsp2018;9ACW}r;Мастер
736;Молчанов ;Юрий Лукьянович;loginDEjvp2018;etLGcB;Мастер
737;Тихонов ;Валентин Авдеевич;loginDEapt2018;cwx{RH;Заказчик
738;Виноградов ;Юрий Лукьевич;loginDEilb2018;IN2Ahc;Директор
739;Горбунова ;Нинель Сергеевна;loginDErch2018;|&DFy+;Директор
740;Маслов ;Леонид Николаевич;loginDEfwx2018;t|*wCk;Заказчик
741;Родионова ;Венера Арсеньевна;loginDEggp2018;bBNxJb;Заказчик
742;Агафонов ;Пантелеймон Гордеевич;loginDEbgb2018;VtmP58;Заказчик
743;Кудрявцев ;Гордей Авксентьевич;loginDEnif2018;Nhj*t+;Заказчик
744;Лыткина ;Алевтина Романовна;loginDEsvs2018;tLgPnC;Менеджер
745;Князев ;Геласий Евсеевич;loginDEghx2018;gue+iw;Заместитель директора
746;Бирюкова ;Пелагея Дмитрьевна;loginDElmy2018;X2LtuP;Мастер
747;Быков ;Лаврентий Ярославович;loginDEevd2018;GMbcZN;Мастер
748;Воронов ;Олег Яковович;loginDEodd2018;s2|Eb1;Директор
749;Богданова ;Марфа Владимировна;loginDEmrj2018;blrD&8;Заместитель директора
750;Беляев ;Донат Агафонович;loginDEyct2018;uD+|Ud;Менеджер
751;Константинова ;Вероника Агафоновна;loginDEsgg2018;qhgYnW;Директор
752;Меркушев ;Мартын Федотович;loginDEdcd2018;LxR6YI;Заместитель директора
753;Казаков ;Федот Кондратович;loginDEisg2018;Cp8ddU;Мастер
754;Карпов ;Улеб Леонидович;loginDEcph2018;7YpE0p;Заказчик
755;Королёв ;Матвей Вадимович;loginDEgco2018;nMr|ss;Заказчик
756;Юдин ;Герман Кондратович;loginDEwjg2018;9UfqWQ;Заместитель директора
757;Беляева ;Анна Вячеславовна;loginDEjbz2018;xIAWNI;Заказчик
758;Беляев ; Валентин Артёмович;loginDEmgu2018;0gC3bk;Заказчик
759;Семёнов ;Герман Дмитрьевич;loginDErdg2018;ni0ue0;Мастер
760;Шестаков ;Илья Антонинович;loginDEjtv2018;f2ZaN6;Мастер
761;Власов ;Вадим Васильевич;loginDEtfj2018;{{ksPn;Заказчик
762;Савельев ;Арсений Авксентьевич;loginDEpnb2018;{ADBdc;Заказчик
763;Ефимов ;Руслан Якунович;loginDEzer2018;5&R+zs;Директор
764;Бурова ;Марфа Федотовна;loginDEiin2018;y9l*b};Мастер
765;Селезнёв ;Александр Никитевич;loginDEqda2018;|h+r}I;Заказчик
766;Кулакова ;Виктория Георгьевна;loginDEbnj2018;#ИМЯ?;Директор
767;Дорофеева ;Кира Демьяновна;loginDEqte2018;dC8bDI;Заказчик
768;Сафонова ;Нинель Якововна;loginDEfeo2018;8cI7vq;Менеджер
769;Ситникова ;София Лукьевна;loginDEvni2018;e4pVIv;Заместитель директора
770;Медведев ;Ириней Геннадьевич;loginDEjis2018;A9K++2;Менеджер
771;Суханова ;Евгения Улебовна;loginDExvv2018;R1zh}|;Заместитель директора
772;Игнатьев ;Владлен Дамирович;loginDEadl2018;F&IWf4;Заказчик
773;Ефремов ;Христофор Владиславович;loginDEyzn2018;P1v24R;Заместитель директора
774;Кошелев ;Ростислав Куприянович;loginDEphn2018;F}jGsJ;Менеджер
775;Галкина ;Тамара Авксентьевна;loginDEdvk2018;NKNkup;Менеджер
776;Журавлёва ;Вера Арсеньевна;loginDEtld2018;c+CECK;Менеджер
777;Савина ;Таисия Глебовна;loginDEima2018;XK3sOA;Менеджер
778;Иванов ;Яков Мэлорович;loginDEyfe2018;4Bbzpa;Заместитель директора
779;Лыткин ;Ким Алексеевич;loginDEwqc2018;vRtAP*;Директор
780;Логинов ;Федот Святославович;loginDEgtt2018;7YD|BR;Заказчик
781;Русакова ;Марина Юлиановна;loginDEiwl2018;LhlmIl;Заместитель директора
782;Константинов ;Пётр Кондратович;loginDEyvi2018;22beR};Менеджер
783;Поляков ;Анатолий Игоревич;loginDEtfz2018;uQY0ZQ;Заместитель директора
784;Панфилова ;Василиса Григорьевна;loginDEikb2018;*QkUxc;Заказчик
785;Воробьёв ;Герман Романович;loginDEdmi2018;HOGFbU;Мастер
786;Андреев ;Ростислав Федосеевич;loginDEtlo2018;58Jxrg;Заказчик
787;Бобров ;Агафон Владимирович;loginDEsnd2018;lLHqZf;Менеджер
788;Лапин ;Алексей Витальевич;loginDEgno2018;4fqLiO;Заказчик
789;Шестаков ;Авдей Иванович;loginDEgnl2018;wdio{u;Заместитель директора
790;Гаврилова ;Алина Эдуардовна;loginDEzna2018;yz1iMB;Менеджер
791;Жуков ;Юлиан Валерьянович;loginDEsyh2018;&4jYGs;Заказчик
792;Пономарёв ;Максим Альвианович;loginDExex2018;rnh36{;Заместитель директора
793;Зиновьева ;Мария Лаврентьевна;loginDEdjm2018;KjI1JR;Заказчик
794;Осипов ;Артём Мэлорович;loginDEgup2018;36|KhF;Директор
795;Лапин ;Вячеслав Геласьевич;loginDEdat2018;ussd8Q;Мастер
796;Зуев ;Ириней Вадимович;loginDEffj2018;cJP+HC;Менеджер
797;Коновалова ;Агафья Митрофановна;loginDEisp2018;dfz5Ii;Заказчик
798;Исаев ;Дмитрий Аристархович;loginDEfrp2018;6dcR|9;Директор
799;Белозёрова ;Алевтина Лаврентьевна;loginDEaee2018;5&qONH;Менеджер
800;Самсонов ;Агафон Максимович;loginDEthu2018;|0xWzV;Директор
801;Якушев ;Евсей Лукьевич;loginDEdcx2018;TYlFkM;Мастер
802;Фёдоров ;Святослав Григорьевич;loginDEnsa2018;LdqH+T;Менеджер
803;Борисов ;Герман Дамирович;loginDErxm2018;8EavEy;Заместитель директора
804;Ситников ;Серапион Фролович;loginDEaic2018;X2adoa;Заказчик
805;Третьяков ;Валерьян Иринеевич;loginDEwul2018;uK&3Zr;Мастер
806;Комиссарова ;Мария Владимировна;loginDEjgl2018;++04Tb;Менеджер
807;Меркушева ;Раиса Владленовна;loginDEgtk2018;pNWXhi;Заказчик
808;Калашникова ;Венера Якуновна;loginDEvrd2018;S7N9hz;Директор
809;Комиссаров ;Семён Павлович;loginDExky2018;Kt9EAS;Менеджер
810;Денисов ;Митрофан Егорович;loginDExnj2018;IJDdP0;Заместитель директора
811;Матвиенко ;Дамир Богданович;loginDEnbu2018;86uDLd;Мастер
812;Кириллов ;Константин Алексеевич;loginDEiik2018;gKt2zV;Директор
813;Медведьев ;Фёдор Мэлсович;loginDEwyi2018;9eskgK;Заказчик
814;Карпов ;Евгений Лукьевич;loginDEpfr2018;mW1Q36;Заказчик
815;Маркова ;Евдокия Артёмовна;loginDEjct2018;3WpoK9;Заказчик
816;Красильников ;Тихон Богданович;loginDEsmg2018;ApH1By;Мастер
817;Титов ;Семён Иринеевич;loginDEexu2018;Nt44pG;Заказчик
818;Кудряшов ;Борис Иринеевич;loginDEztr2018;MYCgB7;Заказчик
819;Гаврилова ;Нинель Денисовна;loginDEwrc2018;SktJa|;Заместитель директора
820;Быков ;Дмитрий Валерьянович;loginDEzjs2018;|x{s+X;Менеджер
821;Фомичёв ;Денис Федосеевич;loginDEeka2018;mLZvLv;Мастер
822;Белова ;Марфа Матвеевна;loginDEepr2018;BG6tpN;Заказчик
823;Романова ;Марина Лаврентьевна;loginDEsnq2018;hrD}}g;Заместитель директора
824;Беспалов ;Демьян Витальевич;loginDEvqn2018;LPa|e3;Заместитель директора
825;Архипова ;Венера Демьяновна;loginDEery2018;*I0Rdi;Мастер
826;Носков ;Парфений Георгьевич;loginDElqv2018;Hqfw17;Мастер
827;Зыков ;Иван Варламович;loginDEtuz2018;Yln7JW;Мастер
828;Иван ;Протасьевна;loginDEllr2018;hXtdCD;Менеджер
829;Рожков ;Протасий Альвианович;loginDEisy2018;5k5dHN;Директор
830;Большакова ;Нинель Протасьевна;loginDEqiv2018;h+N2uW;Менеджер
831;Наумова ;Лидия Донатовна;loginDEmfu2018;{ZpDBn;Заместитель директора
832;Панова ;Ольга Олеговна;loginDEgbd2018;+86Nf*;Мастер
833;Комаров ;Аркадий Иванович;loginDEkdg2018;R0tt07;Заместитель директора
834;Федосеева ;Тамара Михаиловна;loginDEjrs2018;MVg{yd;Заместитель директора
835;Пестов ;Роман Михаилович;loginDEmvd2018;wyLDa{;Директор
836;Блинов ;Артём Ильяович;loginDEctc2018;B&dlx+;Заказчик
837;Владимирова ;Полина Иринеевна;loginDEavf2018;oDTttg;Заместитель директора
838;Силин ;Игнатий Яковович;loginDEako2018;tD8J5+;Заказчик
839;Кононов ;Геннадий Созонович;loginDEzrg2018;WXIgGi;Директор
840;Дьячков ;Фрол Арсеньевич;loginDEdwq2018;WkTaBP;Менеджер
841;Горбачёв ;Арсений Григорьевич;loginDEszg2018;NWkAVP;Директор
842;Виноградов ;Яков Онисимович;loginDEmeh2018;HQ+m4W;Директор
843;Лаврентьева ;Валентина Васильевна;loginDEpwm2018;be7AT0;Директор
844;Брагин ;Лукьян Мартынович;loginDEnaq2018;I8c5EB;Заказчик
845;Трофимов ;Кондрат Игоревич;loginDEtuk2018;6aDAzV;Мастер
846;Степанова ;Глафира Авксентьевна;loginDEhsb2018;n|I6A0;Менеджер
847;Федосеев ;Пётр Григорьевич;loginDEaoi2018;Dl58m|;Заказчик
848;Поляков ;Николай Антонович;loginDErmk2018;D3GuIv;Мастер
849;Медведев ;Владимир Онисимович;loginDEfnd2018;74D9|d;Менеджер
850;Иван ;Мэлоровна;loginDEtza2018;A7Qldh;Заказчик
851;Медведева ;Ангелина Валентиновна;loginDEnoq2018;qyKzu6;Заказчик
852;Сафонова ;Дарья Брониславовна;loginDEmid2018;CVjLBK;Мастер
853;Большаков ;Федот Владимирович;loginDEaua2018;OJgRk4;Директор
854;Дроздов ;Куприян Александрович;loginDEvvs2018;oBv+5G;Заказчик
855;Рябова ;Лукия Руслановна;loginDEhne2018;Lidn5o;Заместитель директора
856;Артемьева ;Фаина Христофоровна;loginDEksx2018;gLTUuE;Мастер
857;Комиссарова ;Варвара Руслановна;loginDEota2018;xc&O3U;Заместитель директора
858;Романова ;Оксана Мартыновна;loginDEcda2018;Ji63Jt;Заместитель директора
859;Бобров ;Артём Валерьянович;loginDEhjr2018;4aeumW;Директор
860;Соколов ;Василий Михаилович;loginDEtps2018;G&lq7J;Заместитель директора
861;Рогов ;Лукьян Онисимович;loginDEwdj2018;xj+&hg;Заказчик
862;Фомичёва ;Светлана Тихоновна;loginDEgtc2018;ysRjen;Заказчик
863;Макаров ;Егор Святославович;loginDEeib2018;DN0Zs&;Менеджер
864;Афанасьева ;Марфа Куприяновна;loginDEzjn2018;E8c864;Менеджер
865;Рыбаков ;Андрей Семёнович;loginDEdsm2018;dQPs1p;Директор
866;Белоусова ;Лариса Валерьяновна;loginDEuxs2018;5FVwny;Менеджер
867;Ершов ;Сергей Геласьевич;loginDExss2018;AiQQ|q;Директор
868;Иванова ;Жанна Матвеевна;loginDEtog2018;TE757+;Менеджер
869;Носков ;Александр Богданович;loginDEjfr2018;nxLt10;Мастер
870;Уваров ;Анатолий Парфеньевич;loginDEcnj2018;QCQd0Z;Директор
871;Некрасова ;Ирина Ильяовна;loginDEnsz2018;WS}BK1;Менеджер
872;Боброва ;Дарья Федосеевна;loginDEgva2018;SXlY&e;Мастер
873;Степанова ;Любовь Лукьевна;loginDErgi2018;ROPHET;Мастер
874;Меркушев ;Дамир Улебович;loginDEgho2018;kDKj}M;Заказчик
875;Хохлова ;Виктория Глебовна;loginDEgmb2018;czGJP5;Директор
876;Мельникова ;Таисия Лукьяновна;loginDEunc2018;M*DY73;Мастер
877;Кошелев ;Владислав Лукьянович;loginDEatn2018;h{QXsQ;Менеджер
878;Тетерин ;Всеволод Ростиславович;loginDEwlw2018;9gIoYv;Заместитель директора
879;Капустина ;Любовь Викторовна;loginDEunh2018;nhp6F0;Директор
880;Комиссарова ;Дарья Парфеньевна;loginDEzvg2018;NEACzR;Заказчик
881;Назаров ;Евгений Юлианович;loginDEhhe2018;LKkrzY;Директор
882;Зайцев ;Юрий Анатольевич;loginDEfjj2018;dyv&fw;Заказчик
883;Селиверстова ;Дарья Георгьевна;loginDEtun2018;}TKwPx;Менеджер
884;Наумова ;Вера Ивановна;loginDEmym2018;WhDPfl;Директор
885;Быков ;Даниил Антонинович;loginDEmxi2018;uEQkUn;Мастер
886;Корнилова ;Алина Игоревна;loginDEeiw2018;bLgTtm;Мастер
887;Родионов ;Григорий Антонович; loginDEotu2018;o5BP5N;Менеджер
888;Волков ;Владлен Николаевич;loginDEiui2018;ce4&gT;Менеджер
889;Дьячкова ;Ираида Якововна;loginDEcsm2018;*X3Tl8;Заказчик
890;Орлов ;Юрий Андреевич;loginDEgwr2018;xhCEUR;Заместитель директора
891;Гордеев ;Аристарх Русланович;loginDEjcu2018;2+JLPl;Заказчик
892;Зыков ;Варлам Протасьевич;loginDExyn2018;IFFTHr;Мастер
893;Фомичёв ;Богдан Федотович;loginDEzpz2018;PRI8h7;Заместитель директора
894;Дорофеева ;Валерия Павловна;loginDEhic2018;OPCVb1;Директор
895;Матвеев ;Борис Мэлорович;loginDEiwx2018;9{rX8I;Директор
896;Исакова ;Прасковья Олеговна;loginDEmos2018;gC*38U;Директор
897;Стрелков ;Максим Гордеевич;loginDEqov2018;AIINBG;Заказчик
898;Волков ;Николай Ярославович;loginDEket2018;TN4H+S;Заместитель директора
899;Мишин ;Донат Брониславович;loginDEayo2018;wHQKY5;Менеджер
900;Гурьев ;Матвей Артёмович;loginDEryt2018;XcFoH*;Директор
901;Одинцов ;Даниил Мстиславович;loginDEsvp2018;4kES&p;Мастер
902;Юдин ;Антон Васильевич;loginDEiks2018;FXV&W*;Менеджер
903;Котова ;Элеонора Протасьевна;loginDEhyt2018;3E{ZDm;Заместитель директора
904;Александров ;Евсей Тихонович;loginDExkt2018;2EyCBy;Заместитель директора
905;Денисов ;Яков Даниилович;loginDEjyt2018;E&Ac|h;Мастер
906;Васильева ;Татьяна Пётровна;loginDErvn2018;6G+AZH;Мастер
907;Гуляева ;Октябрина Кондратовна;loginDEitl2018;BECfk*;Заказчик
908;Борисова ;Синклитикия Григорьевна;loginDEpfw2018;3kY3&K;Заказчик
909;Романова ;Евдокия Альбертовна;loginDEide2018;dFR{Aq;Заказчик
910;Ефимов ;Руслан Улебович;loginDEtur2018;#ИМЯ?;Мастер
911;Назаров ;Ким Кимович;loginDEtwc2018;oqx3Pv;Директор
912;Никитина ;Татьяна Агафоновна;loginDEslj2018;YP*v6E;Менеджер
913;Панов ;Никита Евсеевич;loginDEkxx2018;GhlUU&;Директор
914;Журавлёва ;Елизавета Артёмовна;loginDEvdz2018;OhnHez;Мастер
915;Киселёв ;Бронислав Арсеньевич;loginDEnvw2018;blqZ85;Менеджер
916;Галкин ;Владислав Кимович;loginDEdno2018;PJ05BT;Мастер
917;Анисимова ;Таисия Улебовна;loginDEmmc2018;8a0pbC;Заказчик
918;Якушев ;Валерьян Викторович;loginDEckd2018;apfX0U;Заказчик
919;Максимов ;Ириней Дамирович;loginDEbbm2018;l4tp}r;Директор
920;Миронова ;Валерия Владиславовна;loginDEppq2018;Wgi6Ff;Заказчик
921;Поляков ;Георгий Авдеевич;loginDEmnq2018;laFpJG;Заместитель директора
922;Фадеев ;Николай Денисович;loginDEmqg2018;4*M&VK;Заказчик
923;Авдеева ;Наталья Викторовна;loginDEazm2018;2seWAw;Заказчик
924;Калинин ;Бронислав Денисович;loginDEapw2018;NX6N*N;Мастер
925;Суворов ;Дамир Яковович;loginDEtic2018;gIXztH;Мастер
926;Горбачёва ;Зоя Куприяновна;loginDEfgs2018;#ИМЯ?;Менеджер
927;Романов ;Анатолий Юлианович;loginDEdrt2018;wg*xRp;Менеджер
928;Соловьёва ;Полина Игоревна;loginDErtg2018;bg7NzS;Заказчик
929;Никифоров ;Владлен Васильевич;loginDEijp2018;*V969Y;Заказчик
930;Кулаков ;Федот Георгьевич;loginDEpnl2018;jinnCV;Мастер
931;Смирнова ;Елена Якововна;loginDExjm2018;0PYqey;Мастер
932;Волков ;Федосей Святославович;loginDEecw2018;V8}GOZ;Заместитель директора
933;Мухин ;Леонид Антонович;loginDEdzx2018;#ИМЯ?;Директор
934;Гурьева ;Ангелина Матвеевна;loginDEaaf2018;SIBZnG;Менеджер
935;Захаров ;Артём Вячеславович;loginDEqtm2018;fsKT+2;Заместитель директора
936;Баранова ;Евдокия Игнатьевна;loginDEfzb2018;0Q6cQY;Заместитель директора
937;Кулакова ;Оксана Ярославовна;loginDErqv2018;2LK9Pw;Менеджер
938;Муравьёва ;Синклитикия Геннадьевна;loginDEzwx2018;3tICV1;Мастер
939;Медведев ;Евгений Эдуардович;loginDEjzi2018;5cDW2|;Менеджер
940;Савельева ;Феврония Фёдоровна;loginDEsjj2018;wuVex4;Менеджер
941;Лаврентьева ;Элеонора Агафоновна;loginDEidz2018;G5DP2D;Заказчик
942;Носов ;Альберт Ярославович;loginDEtqb2018;Y+Dq4P;Мастер
943;Капустин ;Фрол Пётрович;loginDEcdz2018;e1oDkm;Менеджер
944;Крюков ;Евсей Семёнович;loginDEoio2018;wHOAvL; Менеджер
945;Громов ;Протасий Георгьевич;loginDEljv2018;utbJSk;Директор
946;Ларионова ;Агата Ефимовна;loginDEcfc2018;GxVX}g;Заказчик
947;Пономарёв ;Ким Семёнович;loginDEofx2018;dMTmGz;Заказчик
948;Герасимова ;Элеонора Вадимовна;loginDEhns2018;oX7tXV;Заместитель директора
949;Галкин ;Георгий Фёдорович;loginDExrk2018;8&vYwK;Директор
950;Воронова ;Антонина Всеволодовна;loginDEscf2018;O|o5A+;Заказчик
951;Денисов ;Святослав Онисимович;loginDEyua2018;rW71Ck;Менеджер
952;Гаврилов ;Демьян Валентинович;loginDEgkj2018;yXC+SX;Заказчик
953;Аксёнова ;Маргарита Артёмовна;loginDEtad2018;cp1gN+;Заказчик
954;Королёв ;Якун Степанович;loginDEsan2018;q7Qx66;Заказчик
955;Кузьмина ;Прасковья Онисимовна;loginDEgbx2018;qrB{e1;Мастер
956;Ефимова ;Александра Парфеньевна;loginDEusz2018;0||9by;Заказчик
957;Красильникова ;Лариса Ефимовна;loginDEanl2018;EcBP7N;Заказчик
958;Ларионова ;Фёкла Филатовна;loginDEgzu2018;AkAXti;Директор
959;Шашков ;Филат Кимович;loginDEriw2018;W39VRH;Заказчик
960;Мамонтова ;Элеонора Максимовна;loginDEuup2018;yJ}w5s;Заказчик
961;Воробьёв ;Мартын Игоревич;loginDExeu2018;dObOMp;Мастер
962;Корнилова ;Кира Брониславовна;loginDElkp2018;TA6grZ;Менеджер
963;Лебедев ;Герман Евгеньевич;loginDEzfz2018;GzUp*R;Мастер
964;Лазарев ;Мэлор Дмитрьевич;loginDEkhc2018;#ИМЯ?;Менеджер
965;Зайцев ;Мэлс Русланович;loginDEwsi2018;8|JAAt;Заместитель директора
966;Устинова ;Зоя Созоновна;loginDExhs2018;g+wDAX;Директор
967;Некрасова ;Алла Альбертовна;loginDEmad2018;cRKuGW;Директор
968;Волков ;Ириней Ефимович;loginDEpav2018;7eur3a;Заместитель директора
969;Кондратьев ;Геннадий Дмитрьевич;loginDEave2018;|+aXyG;Заместитель директора
970;Копылова ;Ульяна Тихоновна;loginDEkro2018;N5|}vM;Мастер
971;Баранов ;Анатолий Митрофанович;loginDEdsu2018;aZZhZQ;Заместитель директора
972;Прохорова ;Нина Улебовна;loginDEfuv2018;xSvieW;Заказчик
973;Якушева ;Ольга Игнатьевна;loginDEsnk2018;lkR1ZZ;Заместитель директора
974;Филиппов ;Борис Геннадьевич;loginDEppv2018;yg1DH+;Заказчик
975;Мишин ;Владлен Арсеньевич;loginDEkzy2018;DpvYbd;Заместитель директора
976;Шилова ;Татьяна Георгьевна;loginDEpmj2018;0{6txi;Мастер
977;Исаков ;Филат Григорьевич;loginDEagt2018;HDZ&8{;Менеджер
978;Трофимов ;Иван Антонинович;loginDEmch2018;IC2+2a;Заказчик
979;Туров ;Юлиан Парфеньевич;loginDEzeq2018;WlZOJ3;Директор
980;Котов ;Анатолий Арсеньевич;loginDEdts2018;lyy5BX;Директор
981;Антонов ;Германн Мартынович;loginDEgdn2018;rkaUu0;Директор
982;Кондратьева ;Наталья Юлиановна;loginDEmvy2018;3Y}DMk;Директор
983;Дьячкова ;Екатерина Владленовна;loginDEjtt2018;eKlTzd;Заказчик
984;Ефимов ;Альвиан Серапионович;loginDEmty2018;J20FCe;Мастер
985;Зимина ;Лукия Дмитрьевна;loginDEjmx2018;i{OH{c;Заместитель директора
986;Сазонов ;Мэлор Созонович;loginDEygt2018;zDTc9&;Мастер
987;Медведева ;Лариса Ростиславовна;loginDEypc2018;vtxvjy;Директор
988;Кириллов ;Игнатий Ростиславович;loginDErip2018;re53rs;Заместитель директора
989;Владимиров ;Егор Пётрович;loginDEahk2018;|tP8kR;Директор
990;Мартынова ;Дарья Васильевна;loginDEbid2018;DeyUEY;Мастер
991;Иван ;Фёдоровна;loginDEupo2018;Az*YxR;Мастер
992;Калинина ;Феврония Брониславовна;loginDEvel2018;dA5Kk+;Директор
993;Крылова ;Людмила Германовна;loginDEnpc2018;AozkWP;Директор
994;Потапов ;Геннадий Созонович;loginDEigv2018;ZOYxOn; Директор
995;Мельникова ;Нонна Альвиановна;loginDEwrl2018;CeSxSp;Заказчик
996;Авдеева ;Елизавета Федотовна;loginDEbbl2018;BXfnEL;Менеджер
997;Лапина ;Синклитикия Аристарховна;loginDEteq2018;YI+ss5;Заказчик
998;Третьяков ;Юрий Станиславович;loginDEdis2018;|1+hrs;Менеджер
999;Николаев ;Ефим Константинович;loginDElsk2018;h0OP2P;Мастер
1000;Иванова ;Ирина Мэлсовна;loginDEegj2018;52*BRY;Заместитель директора
